<!--
/*
 * Licensed to the Apache Software Foundation (ASF) under one
 * or more contributor license agreements.  See the NOTICE file
 * distributed with this work for additional information
 * regarding copyright ownership.  The ASF licenses this file
 * to you under the Apache License, Version 2.0 (the
 * "License"); you may not use this file except in compliance
 * with the License.  You may obtain a copy of the License at
 *
 *     http://www.apache.org/licenses/LICENSE-2.0
 *
 * Unless required by applicable law or agreed to in writing, software
 * distributed under the License is distributed on an "AS IS" BASIS,
 * WITHOUT WARRANTIES OR CONDITIONS OF ANY KIND, either express or implied.
 * See the License for the specific language governing permissions and
 * limitations under the License.
 */
-->
<configuration>
  <property name="LOGS_HOME" value="logs"/>

  <appender name="FILE" class="ch.qos.logback.core.FileAppender">
    <file>${LOGS_HOME}/dataproc-template-v0.1.log</file>
    <append>true</append>
    <immediateFlush>true</immediateFlush>
    <encoder>
      <pattern>%d %p %c{1.} [%t] %m%n</pattern>
    </encoder>
    <rollingPolicy class="ch.qos.logback.core.rolling.TimeBasedRollingPolicy">
      <!-- daily rollover -->
      <fileNamePattern>dataproc-template-v0.1.%d{yyyy-MM-dd}.log</fileNamePattern>

      <!-- keep 30 days' worth of history capped at 3GB total size -->
      <maxHistory>30</maxHistory>
      <totalSizeCap>2GB</totalSizeCap>

    </rollingPolicy>
  </appender>

  <appender name="CONSOLE" class="ch.qos.logback.core.ConsoleAppender">
    <layout class="ch.qos.logback.classic.PatternLayout">
      <Pattern>
        %d{HH:mm:ss.SSS} [%t] %-5level %logger{36} - %msg%n
      </Pattern>
    </layout>
  </appender>

  <logger name="com.google.cloud.dataproc.templates" level="debug" additivity="false">
    <appender-ref ref="FILE"/>
  </logger>

  ## TODO: Change appender to file before open sourcing.
  <root level="debug">
    <appender-ref ref="FILE"/>
  </root>

</configuration>
